[{"model": "api.transactiontype", "pk": 1, "fields": {"t_type": 1, "description": "Débito", "nature": "Entrada", "sign": "+"}}, {"model": "api.transactiontype", "pk": 2, "fields": {"t_type": 2, "description": "Boleto", "nature": "Saída", "sign": "-"}}, {"model": "api.transactiontype", "pk": 3, "fields": {"t_type": 3, "description": "Financiamento", "nature": "Saída", "sign": "-"}}, {"model": "api.transactiontype", "pk": 4, "fields": {"t_type": 4, "description": "Crédito", "nature": "Entrada", "sign": "+"}}, {"model": "api.transactiontype", "pk": 5, "fields": {"t_type": 5, "description": "Recebimento Empréstimo", "nature": "Entrada", "sign": "+"}}, {"model": "api.transactiontype", "pk": 6, "fields": {"t_type": 6, "description": "Vendas", "nature": "Entrada", "sign": "+"}}, {"model": "api.transactiontype", "pk": 7, "fields": {"t_type": 7, "description": "Recebimento TED", "nature": "Entrada", "sign": "+"}}, {"model": "api.transactiontype", "pk": 8, "fields": {"t_type": 8, "description": "Recebimento DOC", "nature": "Entrada", "sign": "+"}}, {"model": "api.transactiontype", "pk": 9, "fields": {"t_type": 9, "description": "Aluguel", "nature": "Saída", "sign": "-"}}, {"model": "api.store", "pk": 6, "fields": {"name": "BAR DO JOÃO", "owner": "JOÃO MACEDO"}}, {"model": "api.store", "pk": 7, "fields": {"name": "LOJA DO Ó - MATRIZ", "owner": "MARIA JOSEFINA"}}, {"model": "api.store", "pk": 8, "fields": {"name": "MERCADO DA AVENIDA", "owner": "MARCOS PEREIRA"}}, {"model": "api.store", "pk": 9, "fields": {"name": "MERCEARIA 3 IRMÃOS", "owner": "JOSÉ COSTA"}}, {"model": "api.store", "pk": 10, "fields": {"name": "LOJA DO Ó - FILIAL", "owner": "MARIA JOSEFINA"}}, {"model": "api.transaction", "pk": 1, "fields": {"store": 6, "t_type": 3, "date": "2019-03-01", "amount": "142.00", "cpf": "09620676017", "card": "4753****3153", "time": "15:34:53"}}, {"model": "api.transaction", "pk": 2, "fields": {"store": 6, "t_type": 2, "date": "2019-03-01", "amount": "112.00", "cpf": "09620676017", "card": "3648****0099", "time": "23:42:34"}}, {"model": "api.transaction", "pk": 3, "fields": {"store": 6, "t_type": 1, "date": "2019-03-01", "amount": "152.00", "cpf": "09620676017", "card": "1234****7890", "time": "23:30:00"}}, {"model": "api.transaction", "pk": 4, "fields": {"store": 7, "t_type": 5, "date": "2019-03-01", "amount": "132.00", "cpf": "55641815063", "card": "3123****7687", "time": "14:56:07"}}, {"model": "api.transaction", "pk": 5, "fields": {"store": 7, "t_type": 1, "date": "2019-03-01", "amount": "200.00", "cpf": "55641815063", "card": "1234****3324", "time": "09:00:02"}}, {"model": "api.transaction", "pk": 6, "fields": {"store": 7, "t_type": 9, "date": "2019-03-01", "amount": "102.00", "cpf": "55641815063", "card": "6228****9090", "time": "00:00:00"}}, {"model": "api.transaction", "pk": 7, "fields": {"store": 8, "t_type": 3, "date": "2019-03-01", "amount": "122.00", "cpf": "84515254073", "card": "6777****1313", "time": "17:27:12"}}, {"model": "api.transaction", "pk": 8, "fields": {"store": 8, "t_type": 2, "date": "2019-03-01", "amount": "107.00", "cpf": "84515254073", "card": "8723****9987", "time": "12:33:33"}}, {"model": "api.transaction", "pk": 9, "fields": {"store": 8, "t_type": 2, "date": "2019-03-01", "amount": "502.00", "cpf": "84515254073", "card": "8473****1231", "time": "23:12:33"}}, {"model": "api.transaction", "pk": 10, "fields": {"store": 8, "t_type": 5, "date": "2019-03-01", "amount": "802.00", "cpf": "84515254073", "card": "3123****7687", "time": "14:56:07"}}, {"model": "api.transaction", "pk": 11, "fields": {"store": 8, "t_type": 8, "date": "2019-03-01", "amount": "102.03", "cpf": "84515254073", "card": "2344****1222", "time": "12:32:22"}}, {"model": "api.transaction", "pk": 12, "fields": {"store": 8, "t_type": 4, "date": "2019-06-01", "amount": "506.17", "cpf": "84515254073", "card": "1234****2231", "time": "10:00:00"}}, {"model": "api.transaction", "pk": 13, "fields": {"store": 8, "t_type": 8, "date": "2019-03-01", "amount": "2.00", "cpf": "84515254073", "card": "2344****1222", "time": "12:32:22"}}, {"model": "api.transaction", "pk": 14, "fields": {"store": 8, "t_type": 3, "date": "2019-03-01", "amount": "192.00", "cpf": "84515254073", "card": "6777****1313", "time": "17:27:12"}}, {"model": "api.transaction", "pk": 15, "fields": {"store": 9, "t_type": 3, "date": "2019-03-01", "amount": "602.00", "cpf": "23270298056", "card": "6777****1313", "time": "17:27:12"}}, {"model": "api.transaction", "pk": 16, "fields": {"store": 9, "t_type": 2, "date": "2019-03-01", "amount": "102.00", "cpf": "23270298056", "card": "8473****1231", "time": "23:12:33"}}, {"model": "api.transaction", "pk": 17, "fields": {"store": 9, "t_type": 3, "date": "2019-03-01", "amount": "6102.00", "cpf": "23270298056", "card": "6777****1313", "time": "17:27:12"}}, {"model": "api.transaction", "pk": 18, "fields": {"store": 9, "t_type": 3, "date": "2019-03-01", "amount": "103.00", "cpf": "23270298056", "card": "6777****1313", "time": "17:27:12"}}, {"model": "api.transaction", "pk": 19, "fields": {"store": 9, "t_type": 2, "date": "2019-03-01", "amount": "109.00", "cpf": "23270298056", "card": "8723****9987", "time": "12:33:33"}}, {"model": "api.transaction", "pk": 20, "fields": {"store": 9, "t_type": 2, "date": "2019-03-01", "amount": "5.00", "cpf": "23270298056", "card": "7677****8778", "time": "14:18:08"}}, {"model": "api.transaction", "pk": 21, "fields": {"store": 10, "t_type": 4, "date": "2019-03-01", "amount": "152.32", "cpf": "55641815063", "card": "1234****6678", "time": "10:00:00"}}, {"model": "api.transaction", "pk": 22, "fields": {"store": 7, "t_type": 5, "date": "2019-03-01", "amount": "132.00", "cpf": "55641815063", "card": "3123****7687", "time": "14:56:07"}}, {"model": "api.transaction", "pk": 23, "fields": {"store": 7, "t_type": 1, "date": "2019-03-01", "amount": "200.00", "cpf": "55641815063", "card": "1234****3324", "time": "09:00:02"}}, {"model": "api.transaction", "pk": 24, "fields": {"store": 7, "t_type": 9, "date": "2019-03-01", "amount": "102.00", "cpf": "55641815063", "card": "6228****9090", "time": "00:00:00"}}, {"model": "api.transaction", "pk": 25, "fields": {"store": 8, "t_type": 3, "date": "2019-03-01", "amount": "122.00", "cpf": "84515254073", "card": "6777****1313", "time": "17:27:12"}}, {"model": "api.transaction", "pk": 26, "fields": {"store": 8, "t_type": 2, "date": "2019-03-01", "amount": "107.00", "cpf": "84515254073", "card": "8723****9987", "time": "12:33:33"}}, {"model": "api.transaction", "pk": 27, "fields": {"store": 8, "t_type": 2, "date": "2019-03-01", "amount": "502.00", "cpf": "84515254073", "card": "8473****1231", "time": "23:12:33"}}, {"model": "api.transaction", "pk": 28, "fields": {"store": 8, "t_type": 5, "date": "2019-03-01", "amount": "802.00", "cpf": "84515254073", "card": "3123****7687", "time": "14:56:07"}}, {"model": "api.transaction", "pk": 29, "fields": {"store": 8, "t_type": 8, "date": "2019-03-01", "amount": "102.03", "cpf": "84515254073", "card": "2344****1222", "time": "12:32:22"}}, {"model": "api.transaction", "pk": 30, "fields": {"store": 8, "t_type": 4, "date": "2019-06-01", "amount": "506.17", "cpf": "84515254073", "card": "1234****2231", "time": "10:00:00"}}, {"model": "api.transaction", "pk": 31, "fields": {"store": 8, "t_type": 8, "date": "2019-03-01", "amount": "2.00", "cpf": "84515254073", "card": "2344****1222", "time": "12:32:22"}}, {"model": "api.transaction", "pk": 32, "fields": {"store": 8, "t_type": 3, "date": "2019-03-01", "amount": "192.00", "cpf": "84515254073", "card": "6777****1313", "time": "17:27:12"}}, {"model": "api.transaction", "pk": 33, "fields": {"store": 6, "t_type": 2, "date": "2019-03-01", "amount": "112.00", "cpf": "09620676017", "card": "3648****0099", "time": "23:42:34"}}, {"model": "api.transaction", "pk": 34, "fields": {"store": 6, "t_type": 1, "date": "2019-03-01", "amount": "152.00", "cpf": "09620676017", "card": "1234****7890", "time": "23:30:00"}}, {"model": "api.transaction", "pk": 35, "fields": {"store": 9, "t_type": 3, "date": "2019-03-01", "amount": "602.00", "cpf": "23270298056", "card": "6777****1313", "time": "17:27:12"}}, {"model": "api.transaction", "pk": 36, "fields": {"store": 9, "t_type": 2, "date": "2019-03-01", "amount": "102.00", "cpf": "23270298056", "card": "8473****1231", "time": "23:12:33"}}, {"model": "api.transaction", "pk": 37, "fields": {"store": 9, "t_type": 3, "date": "2019-03-01", "amount": "6102.00", "cpf": "23270298056", "card": "6777****1313", "time": "17:27:12"}}, {"model": "api.transaction", "pk": 38, "fields": {"store": 9, "t_type": 3, "date": "2019-03-01", "amount": "103.00", "cpf": "23270298056", "card": "6777****1313", "time": "17:27:12"}}, {"model": "api.transaction", "pk": 39, "fields": {"store": 9, "t_type": 2, "date": "2019-03-01", "amount": "109.00", "cpf": "23270298056", "card": "8723****9987", "time": "12:33:33"}}, {"model": "api.transaction", "pk": 40, "fields": {"store": 9, "t_type": 2, "date": "2019-03-01", "amount": "5.00", "cpf": "23270298056", "card": "7677****8778", "time": "14:18:08"}}, {"model": "api.transaction", "pk": 41, "fields": {"store": 10, "t_type": 4, "date": "2019-03-01", "amount": "152.32", "cpf": "55641815063", "card": "1234****6678", "time": "10:00:00"}}, {"model": "api.transaction", "pk": 42, "fields": {"store": 7, "t_type": 5, "date": "2019-03-01", "amount": "132.00", "cpf": "55641815063", "card": "3123****7687", "time": "14:56:07"}}, {"model": "api.transaction", "pk": 43, "fields": {"store": 7, "t_type": 1, "date": "2019-03-01", "amount": "200.00", "cpf": "55641815063", "card": "1234****3324", "time": "09:00:02"}}, {"model": "api.transaction", "pk": 44, "fields": {"store": 7, "t_type": 9, "date": "2019-03-01", "amount": "102.00", "cpf": "55641815063", "card": "6228****9090", "time": "00:00:00"}}, {"model": "api.transaction", "pk": 45, "fields": {"store": 8, "t_type": 3, "date": "2019-03-01", "amount": "122.00", "cpf": "84515254073", "card": "6777****1313", "time": "17:27:12"}}, {"model": "api.transaction", "pk": 46, "fields": {"store": 8, "t_type": 2, "date": "2019-03-01", "amount": "107.00", "cpf": "84515254073", "card": "8723****9987", "time": "12:33:33"}}, {"model": "api.transaction", "pk": 47, "fields": {"store": 8, "t_type": 2, "date": "2019-03-01", "amount": "502.00", "cpf": "84515254073", "card": "8473****1231", "time": "23:12:33"}}, {"model": "api.transaction", "pk": 48, "fields": {"store": 8, "t_type": 5, "date": "2019-03-01", "amount": "802.00", "cpf": "84515254073", "card": "3123****7687", "time": "14:56:07"}}, {"model": "api.transaction", "pk": 49, "fields": {"store": 8, "t_type": 8, "date": "2019-03-01", "amount": "102.03", "cpf": "84515254073", "card": "2344****1222", "time": "12:32:22"}}, {"model": "api.transaction", "pk": 50, "fields": {"store": 8, "t_type": 4, "date": "2019-06-01", "amount": "506.17", "cpf": "84515254073", "card": "1234****2231", "time": "10:00:00"}}, {"model": "api.transaction", "pk": 51, "fields": {"store": 8, "t_type": 8, "date": "2019-03-01", "amount": "2.00", "cpf": "84515254073", "card": "2344****1222", "time": "12:32:22"}}, {"model": "api.transaction", "pk": 52, "fields": {"store": 8, "t_type": 3, "date": "2019-03-01", "amount": "192.00", "cpf": "84515254073", "card": "6777****1313", "time": "17:27:12"}}, {"model": "api.transaction", "pk": 53, "fields": {"store": 6, "t_type": 2, "date": "2019-03-01", "amount": "112.00", "cpf": "09620676017", "card": "3648****0099", "time": "23:42:34"}}, {"model": "api.transaction", "pk": 54, "fields": {"store": 6, "t_type": 1, "date": "2019-03-01", "amount": "152.00", "cpf": "09620676017", "card": "1234****7890", "time": "23:30:00"}}, {"model": "api.transaction", "pk": 55, "fields": {"store": 9, "t_type": 3, "date": "2019-03-01", "amount": "602.00", "cpf": "23270298056", "card": "6777****1313", "time": "17:27:12"}}, {"model": "api.transaction", "pk": 56, "fields": {"store": 9, "t_type": 2, "date": "2019-03-01", "amount": "102.00", "cpf": "23270298056", "card": "8473****1231", "time": "23:12:33"}}, {"model": "api.transaction", "pk": 57, "fields": {"store": 9, "t_type": 3, "date": "2019-03-01", "amount": "6102.00", "cpf": "23270298056", "card": "6777****1313", "time": "17:27:12"}}, {"model": "api.transaction", "pk": 58, "fields": {"store": 9, "t_type": 3, "date": "2019-03-01", "amount": "103.00", "cpf": "23270298056", "card": "6777****1313", "time": "17:27:12"}}, {"model": "api.transaction", "pk": 59, "fields": {"store": 9, "t_type": 2, "date": "2019-03-01", "amount": "109.00", "cpf": "23270298056", "card": "8723****9987", "time": "12:33:33"}}, {"model": "api.transaction", "pk": 60, "fields": {"store": 9, "t_type": 2, "date": "2019-03-01", "amount": "5.00", "cpf": "23270298056", "card": "7677****8778", "time": "14:18:08"}}, {"model": "api.transaction", "pk": 61, "fields": {"store": 10, "t_type": 4, "date": "2019-03-01", "amount": "152.32", "cpf": "55641815063", "card": "1234****6678", "time": "10:00:00"}}, {"model": "api.transaction", "pk": 62, "fields": {"store": 7, "t_type": 5, "date": "2019-03-01", "amount": "132.00", "cpf": "55641815063", "card": "3123****7687", "time": "14:56:07"}}, {"model": "api.transaction", "pk": 63, "fields": {"store": 7, "t_type": 1, "date": "2019-03-01", "amount": "200.00", "cpf": "55641815063", "card": "1234****3324", "time": "09:00:02"}}, {"model": "api.transaction", "pk": 64, "fields": {"store": 7, "t_type": 9, "date": "2019-03-01", "amount": "102.00", "cpf": "55641815063", "card": "6228****9090", "time": "00:00:00"}}, {"model": "api.transaction", "pk": 65, "fields": {"store": 8, "t_type": 3, "date": "2019-03-01", "amount": "122.00", "cpf": "84515254073", "card": "6777****1313", "time": "17:27:12"}}, {"model": "api.transaction", "pk": 66, "fields": {"store": 8, "t_type": 2, "date": "2019-03-01", "amount": "107.00", "cpf": "84515254073", "card": "8723****9987", "time": "12:33:33"}}, {"model": "api.transaction", "pk": 67, "fields": {"store": 8, "t_type": 2, "date": "2019-03-01", "amount": "502.00", "cpf": "84515254073", "card": "8473****1231", "time": "23:12:33"}}, {"model": "api.transaction", "pk": 68, "fields": {"store": 8, "t_type": 5, "date": "2019-03-01", "amount": "802.00", "cpf": "84515254073", "card": "3123****7687", "time": "14:56:07"}}, {"model": "api.transaction", "pk": 69, "fields": {"store": 8, "t_type": 8, "date": "2019-03-01", "amount": "102.03", "cpf": "84515254073", "card": "2344****1222", "time": "12:32:22"}}, {"model": "api.transaction", "pk": 70, "fields": {"store": 8, "t_type": 4, "date": "2019-06-01", "amount": "506.17", "cpf": "84515254073", "card": "1234****2231", "time": "10:00:00"}}, {"model": "api.transaction", "pk": 71, "fields": {"store": 8, "t_type": 8, "date": "2019-03-01", "amount": "2.00", "cpf": "84515254073", "card": "2344****1222", "time": "12:32:22"}}, {"model": "api.transaction", "pk": 72, "fields": {"store": 8, "t_type": 3, "date": "2019-03-01", "amount": "192.00", "cpf": "84515254073", "card": "6777****1313", "time": "17:27:12"}}, {"model": "api.transaction", "pk": 73, "fields": {"store": 6, "t_type": 2, "date": "2019-03-01", "amount": "112.00", "cpf": "09620676017", "card": "3648****0099", "time": "23:42:34"}}, {"model": "api.transaction", "pk": 74, "fields": {"store": 6, "t_type": 1, "date": "2019-03-01", "amount": "152.00", "cpf": "09620676017", "card": "1234****7890", "time": "23:30:00"}}, {"model": "api.transaction", "pk": 75, "fields": {"store": 9, "t_type": 3, "date": "2019-03-01", "amount": "602.00", "cpf": "23270298056", "card": "6777****1313", "time": "17:27:12"}}, {"model": "api.transaction", "pk": 76, "fields": {"store": 9, "t_type": 2, "date": "2019-03-01", "amount": "102.00", "cpf": "23270298056", "card": "8473****1231", "time": "23:12:33"}}, {"model": "api.transaction", "pk": 77, "fields": {"store": 9, "t_type": 3, "date": "2019-03-01", "amount": "6102.00", "cpf": "23270298056", "card": "6777****1313", "time": "17:27:12"}}, {"model": "api.transaction", "pk": 78, "fields": {"store": 9, "t_type": 3, "date": "2019-03-01", "amount": "103.00", "cpf": "23270298056", "card": "6777****1313", "time": "17:27:12"}}, {"model": "api.transaction", "pk": 79, "fields": {"store": 9, "t_type": 2, "date": "2019-03-01", "amount": "109.00", "cpf": "23270298056", "card": "8723****9987", "time": "12:33:33"}}, {"model": "api.transaction", "pk": 80, "fields": {"store": 9, "t_type": 2, "date": "2019-03-01", "amount": "5.00", "cpf": "23270298056", "card": "7677****8778", "time": "14:18:08"}}, {"model": "api.transaction", "pk": 81, "fields": {"store": 10, "t_type": 4, "date": "2019-03-01", "amount": "152.32", "cpf": "55641815063", "card": "1234****6678", "time": "10:00:00"}}, {"model": "api.transaction", "pk": 82, "fields": {"store": 7, "t_type": 5, "date": "2019-03-01", "amount": "132.00", "cpf": "55641815063", "card": "3123****7687", "time": "14:56:07"}}, {"model": "api.transaction", "pk": 83, "fields": {"store": 7, "t_type": 1, "date": "2019-03-01", "amount": "200.00", "cpf": "55641815063", "card": "1234****3324", "time": "09:00:02"}}, {"model": "api.transaction", "pk": 84, "fields": {"store": 7, "t_type": 9, "date": "2019-03-01", "amount": "102.00", "cpf": "55641815063", "card": "6228****9090", "time": "00:00:00"}}, {"model": "api.transaction", "pk": 85, "fields": {"store": 8, "t_type": 3, "date": "2019-03-01", "amount": "122.00", "cpf": "84515254073", "card": "6777****1313", "time": "17:27:12"}}, {"model": "api.transaction", "pk": 86, "fields": {"store": 8, "t_type": 2, "date": "2019-03-01", "amount": "107.00", "cpf": "84515254073", "card": "8723****9987", "time": "12:33:33"}}, {"model": "api.transaction", "pk": 87, "fields": {"store": 8, "t_type": 2, "date": "2019-03-01", "amount": "502.00", "cpf": "84515254073", "card": "8473****1231", "time": "23:12:33"}}, {"model": "api.transaction", "pk": 88, "fields": {"store": 8, "t_type": 5, "date": "2019-03-01", "amount": "802.00", "cpf": "84515254073", "card": "3123****7687", "time": "14:56:07"}}, {"model": "api.transaction", "pk": 89, "fields": {"store": 8, "t_type": 8, "date": "2019-03-01", "amount": "102.03", "cpf": "84515254073", "card": "2344****1222", "time": "12:32:22"}}, {"model": "api.transaction", "pk": 90, "fields": {"store": 8, "t_type": 4, "date": "2019-06-01", "amount": "506.17", "cpf": "84515254073", "card": "1234****2231", "time": "10:00:00"}}, {"model": "api.transaction", "pk": 91, "fields": {"store": 8, "t_type": 8, "date": "2019-03-01", "amount": "2.00", "cpf": "84515254073", "card": "2344****1222", "time": "12:32:22"}}, {"model": "api.transaction", "pk": 92, "fields": {"store": 8, "t_type": 3, "date": "2019-03-01", "amount": "192.00", "cpf": "84515254073", "card": "6777****1313", "time": "17:27:12"}}, {"model": "api.transaction", "pk": 93, "fields": {"store": 6, "t_type": 2, "date": "2019-03-01", "amount": "112.00", "cpf": "09620676017", "card": "3648****0099", "time": "23:42:34"}}, {"model": "api.transaction", "pk": 94, "fields": {"store": 6, "t_type": 1, "date": "2019-03-01", "amount": "152.00", "cpf": "09620676017", "card": "1234****7890", "time": "23:30:00"}}, {"model": "api.transaction", "pk": 95, "fields": {"store": 9, "t_type": 3, "date": "2019-03-01", "amount": "602.00", "cpf": "23270298056", "card": "6777****1313", "time": "17:27:12"}}, {"model": "api.transaction", "pk": 96, "fields": {"store": 9, "t_type": 2, "date": "2019-03-01", "amount": "102.00", "cpf": "23270298056", "card": "8473****1231", "time": "23:12:33"}}, {"model": "api.transaction", "pk": 97, "fields": {"store": 9, "t_type": 3, "date": "2019-03-01", "amount": "6102.00", "cpf": "23270298056", "card": "6777****1313", "time": "17:27:12"}}, {"model": "api.transaction", "pk": 98, "fields": {"store": 9, "t_type": 3, "date": "2019-03-01", "amount": "103.00", "cpf": "23270298056", "card": "6777****1313", "time": "17:27:12"}}, {"model": "api.transaction", "pk": 99, "fields": {"store": 9, "t_type": 2, "date": "2019-03-01", "amount": "109.00", "cpf": "23270298056", "card": "8723****9987", "time": "12:33:33"}}, {"model": "api.transaction", "pk": 100, "fields": {"store": 9, "t_type": 2, "date": "2019-03-01", "amount": "5.00", "cpf": "23270298056", "card": "7677****8778", "time": "14:18:08"}}, {"model": "api.transaction", "pk": 101, "fields": {"store": 10, "t_type": 4, "date": "2019-03-01", "amount": "152.32", "cpf": "55641815063", "card": "1234****6678", "time": "10:00:00"}}]